Redirect 301 /content/01_Melting_Products/01_Induction_Melting_Furnaces.php http://inductotherm.com.au/processes/iron-melting/
Redirect 301 /content/01_Melting_Products/01_Induction_Melting_Furnaces/Removable_Crucible_Furnaces.php http://inductotherm.com.au/blog/product_categories/induction-melting-furnaces/
Redirect 301 /content/01_Melting_Products/02_Furnace_Upgrades_&_Options.php http://inductotherm.com.au/
Redirect 301 /content/01_Melting_Products/03_Induction_Power_Supply_Systems.php http://inductotherm.com.au/blog/product_categories/advanced-induction-power-supply-units/
Redirect 301 /content/01_Melting_Products/04_Power_Supply_Upgrades_&_Options.php http://inductotherm.com.au/
Redirect 301 /content/01_Melting_Products/05_Coils__Specialty_Coils.php http://inductotherm.com.au/
Redirect 301 /content/01_Melting_Products/06_Automated_Robotic_Systems.php http://inductotherm.com.au/blog/product_categories/automated-robotic-systems/
Redirect 301 /content/01_Melting_Products/07_Computer_Control_Systems.php http://inductotherm.com.au/blog/product_categories/melt-shop-control-systems/
Redirect 301 /content/01_Melting_Products/08_Automatic_Pouring_Systems.php http://inductotherm.com.au/blog/product_categories/automated-pouring-systems/
Redirect 301 /content/01_Melting_Products/09_Billet_Making_Systems.php http://inductotherm.com.au/
Redirect 301 /content/01_Melting_Products/10_Galvanizing_Pots.php http://inductotherm.com.au/blog/product_categories/galvanizing-pots/
Redirect 301 /content/01_Melting_Products/11_Holding_Systems.php http://inductotherm.com.au/blog/product_categories/induction-holding-furnaces/
Redirect 301 /content/01_Melting_Products/14_Vacuum__Controlled_Atmosphere_Systems.php http://inductotherm.com.au/processes/vacuum-controlled-atmosphere-melting/
Redirect 301 /content/01_Melting_Products/15_Material_Handling_Systems.php http://inductotherm.com.au/blog/product_categories/material-handling-systems/
Redirect 301 /content/01_Melting_Products/16_Water_Cooling_Systems.php http://inductotherm.com.au/blog/product_categories/cooling-systems/
Redirect 301 /content/02_Heating_Products/01_Heat_Treating.php http://inductotherm.com.au/processes/induction-heat-treating/
Redirect 301 /content/02_Heating_Products/02_Induction_Forge_Heaters.php http://inductotherm.com.au/processes/induction-forge-heating/
Redirect 301 /content/02_Heating_Products/03_Tube_and_Pipe.php http://inductotherm.com.au/processes/induction-pipe-heating/
Redirect 301 /content/02_Heating_Products/04_Ordnance_and_Military.php http://inductotherm.com.au/
Redirect 301 /content/02_Heating_Products/05_Wire.php http://inductotherm.com.au/
Redirect 301 /content/02_Heating_Products/06_Brazing.php http://inductotherm.com.au/
Redirect 301 /content/02_Heating_Products/07_Induction_Power_Supplies.php http://inductotherm.com.au/blog/product_categories/advanced-induction-power-supply-units/
Redirect 301 /content/02_Heating_Products/07_Induction_Power_Supplies/Medium_Frequency.php http://inductotherm.com.au/blog/product_categories/inductoheat/
Redirect 301 /content/02_Heating_Products/08_Inductors.php http://inductotherm.com.au/products
Redirect 301 /content/02_Heating_Products/09_Resistance_Welding.php http://inductotherm.com.au/products
Redirect 301 /content/02_Heating_Products/10_Cap_Sealing.php http://inductotherm.com.au/products
Redirect 301 /content/02_Heating_Products/11_Strip_Heaters.php http://inductotherm.com.au/products
Redirect 301 /content/03_Applications/01_Iron_Melting.php http://inductotherm.com.au/
Redirect 301 /content/03_Applications/02_Steel__Stainless_Steel_Melting.php http://inductotherm.com.au/processes/steel-stainless-steel-melting/
Redirect 301 /content/03_Applications/03_Copper__Copper_Alloy_Melting.php http://inductotherm.com.au/processes/copper-copper-alloy-melting/
Redirect 301 /content/03_Applications/04_Aluminum_Melting.php http://inductotherm.com.au/
Redirect 301 /content/03_Applications/05_Zinc_Melting.php http://inductotherm.com.au/
Redirect 301 /content/03_Applications/06_Silicon_Melting.php http://inductotherm.com.au/processes/zinc-melting/
Redirect 301 /content/03_Applications/07_Precious_Metals_Melting.php http://inductotherm.com.au/processes/precious-metals-melting/
Redirect 301 /content/03_Applications/08_Rare_Earth__Other_Materials_Melting.php http://inductotherm.com.au/processes/rare-earth-other-materials-melting/
Redirect 301 /content/03_Applications/09_Vacuum__Controlled_Atmosphere_Melting.php http://inductotherm.com.au/processes/vacuum-controlled-atmosphere-melting/
Redirect 301 /content/03_Applications/10_High_Temperature_Graphite_Heating.php http://inductotherm.com.au/processes/high-temperature-graphite-heating/
Redirect 301 /content/03_Applications/13_Induction_Heating_for_the_Steel_Industry.php http://inductotherm.com.au/processes/induction-heating-for-the-steel-industry/
Redirect 301 /content/03_Applications/14_Investment_Casting.php http://inductotherm.com.au/processes/investment-casting/
Redirect 301 /content/03_Applications/15_Alloy_Manufacturing.php http://inductotherm.com.au/processes/copper-copper-alloy-melting/
Redirect 301 /content/04_Industries_and_Markets/01_Renewable_Energies__Resources.php http://inductotherm.com.au/
Redirect 301 /content/04_Industries_and_Markets/02_Recycling__Processing.php http://inductotherm.com.au/
Redirect 301 /content/04_Industries_and_Markets/03_Automotive__Transportation.php http://inductotherm.com.au/
Redirect 301 /content/04_Industries_and_Markets/04_Aeronautics__Aerospace.php http://inductotherm.com.au/
Redirect 301 /content/04_Industries_and_Markets/05_Marine__Water_Transportation.php http://inductotherm.com.au/
Redirect 301 /content/04_Industries_and_Markets/06_Structural__Municipal.php http://inductotherm.com.au/
Redirect 301 /content/04_Industries_and_Markets/07_Government.php http://inductotherm.com.au/
Redirect 301 /content/04_Industries_and_Markets/08_Medical.php http://inductotherm.com.au/
Redirect 301 /content/04_Industries_and_Markets/09_Universities__Laboratories.php http://inductotherm.com.au/
Redirect 301 /content/04_Industries_and_Markets/10_Precious_Metals.php http://inductotherm.com.au/
Redirect 301 /content/04_Industries_and_Markets/11_Electrical__Electronics.php http://inductotherm.com.au/
Redirect 301 /content/04_Industries_and_Markets/12_Agriculture__Farming.php http://inductotherm.com.au/
Redirect 301 /content/10_Articles/01_Induction_Melting_Technologies.php http://inductotherm.com.au/processes/iron-melting/
Redirect 301 /content/10_Articles/02_Induction_Power_Supply_Technologies.php http://inductotherm.com.au/blog/product_categories/advanced-induction-power-supply-units/
Redirect 301 /content/10_Articles/03_Automatic_Pouring_Technologies.php http://inductotherm.com.au/blog/product_categories/automated-pouring-systems/
Redirect 301 /content/10_Articles/04_Foundry_Automation_Technologies.php http://inductotherm.com.au/
Redirect 301 /content/10_Articles/05_Steel_Making_Technologies.php http://inductotherm.com.au/processes/steel-stainless-steel-melting/
Redirect 301 /content/10_Articles/06_Other_Technologies.php http://inductotherm.com.au/
Redirect 301 /InductothermGroupWorldwideCompanyIndex.php http://inductotherm.com.au/
