Redirect 301 /3rd-induction-heating-seminar-in-mexico.php http://inductoheat.com/blog/events/heat-treat-mexico-advanced-thermal-processing-technology-conference-expo/
Redirect 301 /about-inductoheat.php http://inductoheat.com/inductoheat-company-information/
Redirect 301 /aeronautics-industry.php http://inductoheat.com/blog/product_categories/inductoheat/
Redirect 301 /aftermarket-coil-and-tooling-department.php http://inductoheat.com/
Redirect 301 /aftermarket-personnel.php http://inductoheat.com/contact-us/
Redirect 301 /aftermarket-spare-parts.php http://inductoheat.com/spare-parts/
Redirect 301 /aftermarket-support-and-service.php http://inductoheat.com/aftermarket-service-request-form/
Redirect 301 /articles.php http://inductoheat.com/blog/article/
Redirect 301 /automotive-industry.php http://inductoheat.com/blog/product_categories/inductoheat/
Redirect 301 /billet-articles.php http://inductoheat.com/blog/article/
Redirect 301 /bus-and-truck.php http://inductoheat.com/
Redirect 301 /careers.php http://inductoheat.com/
Redirect 301 /computer-modeling-articles.php http://inductoheat.com/blog/events
Redirect 301 /contact-us.php http://inductoheat.com/contact/
Redirect 301 /crankpro-induction-hardening-system.php http://inductoheat.com/induction-heating-applications/
Redirect 301 /cu-canada.php http://inductoheat.com/contact-us/
Redirect 301 /cu-florida.php http://inductoheat.com/contact-us/
Redirect 301 /cu-indiana.php http://inductoheat.com/contact-us/
Redirect 301 /cu-mexico.php http://inductoheat.com/contact-us/
Redirect 301 /cu-michigan.php http://inductoheat.com/contact-us/
Redirect 301 /cu-michmetro.php http://inductoheat.com/contact-us/
Redirect 301 /cu-midwest.php http://inductoheat.com/contact-us/
Redirect 301 /cu-northcentral.php http://inductoheat.com/contact-us/
Redirect 301 /cu-northeast.php http://inductoheat.com/contact-us/
Redirect 301 /cu-northwest.php http://inductoheat.com/contact-us/
Redirect 301 /cu-ohio.php http://inductoheat.com/contact-us/
Redirect 301 /cu-ont.php http://inductoheat.com/contact-us/
Redirect 301 /cu-scal.php http://inductoheat.com/contact-us/
Redirect 301 /cu-southcentral.php http://inductoheat.com/contact-us/
Redirect 301 /cu-southeast.php http://inductoheat.com/contact-us/
Redirect 301 /cu-southwest.php http://inductoheat.com/contact-us/
Redirect 301 /customized-4-megawatt.php http://inductoheat.com/products
Redirect 301 /email-alert.php http://inductoheat.com/
Redirect 301 /es/calentamiento-por-induccion.php http://inductoheat.com/
Redirect 301 /es/calentamiento-por-induccion-baja-frecuencia.php http://inductoheat.com/
Redirect 301 /es/contactenos.php http://inductoheat.com/
Redirect 301 /es/eventos.php http://inductoheat.com/
Redirect 301 /es/grupo-inductotherm.php http://inductoheat.com/
Redirect 301 /es/index.php http://inductoheat.com/
Redirect 301 /es/poder-para-induccion.php http://inductoheat.com/
Redirect 301 /es/productos.php http://inductoheat.com/products
Redirect 301 /es/servicios.php http://inductoheat.com/services/
Redirect 301 /es/tratamiento-termico.php http://inductoheat.com/legal/
Redirect 301 /events.php http://inductoheat.com/blog/events
Redirect 301 /extensive-training-courses-for-the-operation-maintenance-and-troubleshooting-of-inductoheat-solid-state-power-supplies.php http://inductoheat.com/induction-power-supply-training/
Redirect 301 /general-industry.php http://inductoheat.com/blog/product_categories/inductoheat/
Redirect 301 /hand-and-mining-tools.php http://inductoheat.com/products
Redirect 301 /henry-m-rowan-presented-with-the-union-leagues-founders-award-for-business-leadership.php http://inductoheat.com/blog/article
Redirect 301 /induction-60hz-equip.php http://inductoheat.com/induction-heating-applications/
Redirect 301 /induction-applications.php http://inductoheat.com/induction-heating-applications/
Redirect 301 /induction-customized-application.php http://inductoheat.com/induction-heating-applications/
Redirect 301 /induction-forge-heating.php http://inductoheat.com/induction-forge-heating/
Redirect 301 /induction-forge-heating-applications.php http://inductoheat.com/induction-forge-heating/
Redirect 301 /induction-forge-heating-equipment.php http://inductoheat.com/induction-forge-heating/
Redirect 301 /induction-hardening-articles.php http://inductoheat.com/blog/category/technical-articles/induction-hardening/
Redirect 301 /induction-hardening-tempering-system-for-driveline-components.php http://inductoheat.com/
Redirect 301 /induction-hardening-tempering-system-for-drivetrain-components.php http://inductoheat.com/
Redirect 301 /induction-heating-webinar.php http://inductoheat.com/blog/article/free-webinar-solving-everyday-challenges-in-induction-heating-heat-treating-using-computer-simulation/
Redirect 301 /induction-heat-treating.php http://inductoheat.com/induction-heating-applications/
Redirect 301 /induction-heat-treating-applications.php http://inductoheat.com/induction-heating-applications/
Redirect 301 /induction-heat-treating-equipment.php http://inductoheat.com/induction-heating-applications/
Redirect 301 /induction-heat-treating-equipment-2.php http://inductoheat.com/induction-heating-applications/
Redirect 301 /induction-low-frequency-heating.php http://inductoheat.com/induction-low-frequency-heating/
Redirect 301 /induction-low-frequency-heating-applications.php http://inductoheat.com/induction-low-frequency-heating/
Redirect 301 /induction-power-supplies.php http://inductoheat.com/induction-power-supply-training/
Redirect 301 /induction-tempering-articles.php http://inductoheat.com/blog/article
Redirect 301 /induction-tube-and-pipe-heating.php http://inductoheat.com/blog/product_categories/fluxmanager-tube-pipe-heating-systems/
Redirect 301 /induction-tube-and-pipe-heating-applications.php http://inductoheat.com/induction-tube-pipe-heating/
Redirect 301 /induction-tube-and-pipe-heating-equipment.php http://inductoheat.com/blog/product_categories/fluxmanager-tube-pipe-heating-systems/
Redirect 301 /inductoforge-modular-induction-heating-system.php http://inductoheat.com/blog/products/inductoforge-induction-billet-heating-systems-for-forging/
Redirect 301 /inductoheat-inc-launches-new-technical-articles-page-on-website.php http://inductoheat.com/blog/category/technical-articles/
Redirect 301 /inductoheat-inc-receives-iso-90012008-certification.php http://inductoheat.com/wp-content/uploads/sites/16/2015/12/Inductoheat-417071-final-cert.pdf
Redirect 301 /inductoheat-inc-ships-billet-heating-system-for-upset-forging.php http://inductoheat.com/blog/products/inductoforge-induction-billet-heating-systems-for-forging/
Redirect 301 /inductoheat-inc-ships-induction-billet-heating-system-to-supplier-of-hand-tools.php http://inductoheat.com/blog/products/inductoforge-induction-billet-heating-systems-for-forging/
Redirect 301 /inductoheat-inc-ships-induction-hardening-system-for-balance-shafts.php http://inductoheat.com/blog/events
Redirect 301 /inductoheat-inc-ships-induction-heating-shrink-fit-system-for-motor-rotors.php http://inductoheat.com/blog/events
Redirect 301 /inductoheat-inc-ships-inductoforge-billet-heating-system-forgin-line.php http://inductoheat.com/blog/products/inductoforge-induction-billet-heating-systems-for-forging/
Redirect 301 /inductoheat-inc-ships-three-customized-statiscan.php http://inductoheat.com/products
Redirect 301 /inductoheats-solutions-for-typical-induction-heating-problems-webinar-a-great-success.php http://inductoheat.com/blog/article/free-webinar-solving-everyday-challenges-in-induction-heating-heat-treating-using-computer-simulation/
Redirect 301 /inductoscan-modular-induction-heating-system.php http://inductoheat.com/blog/products/inductoscan-xl-modular-heat-treating-system/
Redirect 301 /inductotherm-group-add-clinton-machine.php http://inductoheat.com/blog/article/inductotherm-group-to-add-clinton-machine-to-group-family-rancocas-nj/
Redirect 301 /inductotherm-group-proclaims-thermaprocess-gifa-2011-success.php http://inductoheat.com/blog/article
Redirect 301 /inductotherm-group-worldwide.php http://inductoheat.com/
Redirect 301 /industries-that-benefit.php http://inductoheat.com/
Redirect 301 /industries-that-benefit-2.php http://inductoheat.com/
Redirect 301 /iross-fluxmanager-pipeend-heating.php http://inductoheat.com/blog/product_categories/fluxmanager-tube-pipe-heating-systems
Redirect 301 /iross-induction-power-supply.php http://inductoheat.com/induction-power-supply-training/
Redirect 301 /joining-articles.php http://inductoheat.com/
Redirect 301 /literature.php http://inductoheat.com/services/
Redirect 301 /long-lasting-inductor-articles.php http://inductoheat.com/blog/article
Redirect 301 /magnetic-flux-articles.php http://inductoheat.com/blog/article
Redirect 301 /marine-industry.php http://inductoheat.com/blog/product_categories/inductoheat/
Redirect 301 /metallurgical-articles.php http://inductoheat.com/
Redirect 301 /metallurgical-laboratory.php http://inductoheat.com/
Redirect 301 /new-process-metallurgist-laboratory-supervisor-at-inductoheat-inc.php http://inductoheat.com/
Redirect 301 /news.php http://inductoheat.com/blog/article
Redirect 301 /new-ship-fully-automated-heat-treatment.php http://inductoheat.com/blog/article
Redirect 301 /new-single-coil-dual-frequency-induction-hardening-system-for-gears.php http://inductoheat.com/products
Redirect 301 /new-vp-oem-sales.php http://inductoheat.com/blog/article/new-vp-of-oem-sales-at-inductoheat-inc/
Redirect 301 /new-vp-of-heat-treating-at-inductoheat.php http://inductoheat.com/blog/article/new-vp-of-oem-sales-at-inductoheat-inc/
Redirect 301 /octg.php http://inductoheat.com/
Redirect 301 /off-road-vehicles.php http://inductoheat.com/
Redirect 301 /power-articles.php http://inductoheat.com/induction-power-supply-training/
Redirect 301 /power-articles.php http://inductoheat.com/induction-power-supply-training/
Redirect 301 /products.php http://inductoheat.com/products
Redirect 301 /quality.php http://inductoheat.com/safety-and-quality/
Redirect 301 /railroad-industry.php http://inductoheat.com/blog/product_categories/inductoheat/
Redirect 301 /request.php http://inductoheat.com/request-a-quote/
Redirect 301 /rma.php http://inductoheat.com/
Redirect 301 /safety.php http://inductoheat.com/safety-and-quality/
Redirect 301 /sitemap.php http://inductoheat.com/
Redirect 301 /statipower-hsps-induction-power-supply.php http://inductoheat.com/blog/product_categories/induction-heating-power-supplies/
Redirect 301 /statipower-sp11-induction-power-supply.php http://inductoheat.com/blog/product_categories/induction-heating-power-supplies/
Redirect 301 /statipower-sp12-induction-power-supply.php http://inductoheat.com/blog/product_categories/induction-heating-power-supplies/
Redirect 301 /statipower-sp16-induction-power-supply.php http://inductoheat.com/blog/product_categories/induction-heating-power-supplies/
Redirect 301 /statipower-sp18-induction-power-supply.php http://inductoheat.com/blog/product_categories/induction-heating-power-supplies/
Redirect 301 /statipower-sp57-induction-power-supply.php http://inductoheat.com/blog/product_categories/induction-heating-power-supplies/
Redirect 301 /statipower-sp6-induction-power-supply.php http://inductoheat.com/blog/product_categories/induction-heating-power-supplies/
Redirect 301 /statiscan-induction-scanning-system.php http://inductoheat.com/blog/product_categories/induction-scanning-systems/
Redirect 301 /support-and-service.php http://inductoheat.com/aftermarket-service-request-form/
Redirect 301 /technical-advice.php http://inductoheat.com/blog/category/technical-articles/
Redirect 301 /tell-a-friend/tellafriend-page.php http://inductoheat.com/
Redirect 301 /the-inductotherm-group-company-index.php http://inductoheat.com/
Redirect 301 /tube-pipe-articles.php http://inductoheat.com/induction-tube-pipe-heating/
Redirect 301 /unipower-up12-induction-power-supply.php http://inductoheat.com/blog/products/unipower-up12-self-contained-induction-power-supply/
Redirect 301 /uniscan-induction-hardening-system.php http://inductoheat.com/blog/product_categories/induction-scanning-systems/
Redirect 301 /user-terms.php http://inductoheat.com/legal/
Redirect 301 /vsm-induction-heating-system.php http://inductoheat.com/blog/products/vsm-95-modular-heat-treating-system/
Redirect 301 /wind_turbine_industry.php http://inductoheat.com/blog/product_categories/inductoheat/
