Redirect 301 /booster-induction-heater-pr-58.php http://inductothermhw.com/blog/products/boost-induction-heaters-aluminium-brass-copper-billets/
Redirect 301 /dual-contactinduction-welders-pr-51.php http://inductothermhw.com/
Redirect 301 /get-the-best-out-of-your-induction-welder-i-4960.php http://inductothermhw.com/
Redirect 301 /induction-technology-for-pipe-end-heating-applications-i-4963.php http://inductothermhw.com/
Redirect 301 /multi-wire-induction-heater-pr-59.php http://inductothermhw.com/blog/product_categories/single-multi-wire-induction-heating-systems/
Redirect 301 /about-us-pa-1858.php http://inductothermhw.com/
Redirect 301 /alpha-1-i-4925.php http://inductothermhw.com/blog/product_categories/alpha/
Redirect 301 /alpha-high-speed-flying-shears-pr-52.php http://inductothermhw.com/blog/product_categories/alpha/
Redirect 301 /aluminium-2014-duesseldorf-october-7-9-stand-10b15----i-5334.php http://inductothermhw.com/
Redirect 301 /applications-technology-c-291.php http://inductothermhw.com/applications/
Redirect 301 /augusta-steel-selects-thermatool-welding-systems--i-5353.php http://inductothermhw.com/blog/article/augusta-steel-selects-thermatool-welding-systems/
Redirect 301 /automotive-i-4958.php http://inductothermhw.com/
Redirect 301 /banyard-i-4915.php http://inductothermhw.com/blog/product_categories/banyard/
Redirect 301 /banyard-wins-prestige-contract-in-india-i-5345.php http://inductothermhw.com/blog/article/banyard-wins-prestige-contract-in-india/
Redirect 301 /boru-2015-istanbul-i-5339.php http://inductothermhw.com/blog/article/boru-exhibition-2015/
Redirect 301 /boru-exhibition-2015---i-5355.php http://inductothermhw.com/blog/article/boru-exhibition-2015/
Redirect 301 /building--construction-i-4959.php http://inductothermhw.com/products
Redirect 301 /careers-pa-1973.php http://inductothermhw.com/contact/
Redirect 301 /clam-coil-heating-systems-pr-45.php http://inductothermhw.com/blog/products/offshore-clam-coils/
Redirect 301 /consarc-engineering-ltd-i-4927.php http://inductothermhw.com/products
Redirect 301 /consarc-i-4926.php http://inductothermhw.com/products
Redirect 301 /contactus.php http://inductothermhw.com/contact/
Redirect 301 /contact-us-pa-1263.php http://inductothermhw.com/contact/
Redirect 301 /containerised-offshore-systems-pr-46.php http://inductothermhw.com/
Redirect 301 /dsr-wire-corporation-purchase-first-radyne-spring-wire-line---i-5350.php http://inductothermhw.com/blog/article/dsr-wire-corporation-purchase-first-radyne-spring-wire-line/
Redirect 301 /electric-melting-services-company-i-4928.php http://inductothermhw.com/blog/category/services/
Redirect 301 /emsco-i-4929.php http://inductothermhw.com/blog/events
Redirect 301 /events-c-296.php http://inductothermhw.com/blog/events
Redirect 301 /field-joint-heating--coating-pr-44.php http://inductothermhw.com/
Redirect 301 /flexitune-pr-63.php http://inductothermhw.com/
Redirect 301 /foire-dalgiers--i-5347.php http://inductothermhw.com/
Redirect 301 /gifa-2015-dsseldorf-i-5343.php http://inductothermhw.com/blog/article/gifa-2016/
Redirect 301 /hazcontrol-technology-pr-41.php http://inductothermhw.com/
Redirect 301 /inductoheat-europe-i-4931.php http://inductothermhw.com/
Redirect 301 /inductoheat-i-4930.php http://inductothermhw.com/
Redirect 301 /inductotherm-coating-equipment-i-4932.php http://inductothermhw.com/
Redirect 301 /inductotherm-corp-i-4933.php http://inductothermhw.com/
Redirect 301 /inductotherm-group-australia--i-4934.php http://inductothermhw.com/
Redirect 301 /inductotherm-group-brasil-i-4936.php http://inductothermhw.com/
Redirect 301 /inductotherm-group-canada-i-4937.php http://inductothermhw.com/
Redirect 301 /inductotherm-group-celebrates-flagship-companys-60-year-anniversary-i-4902.php http://inductothermhw.com/blog/article/inductotherm-group-celebrates-flagship-companys-60-year-anniversary/
Redirect 301 /inductotherm-group-china-i-4938.php http://inductothermhw.com/
Redirect 301 /inductotherm-group-deutschland-i-4939.php http://inductothermhw.com/
Redirect 301 /inductotherm-group-europe-i-4940.php http://inductothermhw.com/
Redirect 301 /inductotherm-group-france-i-4941.php http://inductothermhw.com/
Redirect 301 /inductotherm-group-iberia-i-4942.php http://inductothermhw.com/
Redirect 301 /inductotherm-group-index-c-293.php http://inductothermhw.com/
Redirect 301 /inductotherm-group-india-i-4943.php http://inductothermhw.com/
Redirect 301 /inductotherm-group-indonesia-i-4944.php http://inductothermhw.com/
Redirect 301 /inductotherm-group-japan-i-4945.php http://inductothermhw.com/
Redirect 301 /inductotherm-group-korea-i-4946.php http://inductothermhw.com/
Redirect 301 /inductotherm-group-mexico-i-4947.php http://inductothermhw.com/
Redirect 301 /inductotherm-group-pune-i-4948.php http://inductothermhw.com/
Redirect 301 /inductotherm-group-russia-i-4949.php http://inductothermhw.com/
Redirect 301 /industries-that-benefit-c-292.php http://inductothermhw.com/blog/category/industries-that-benefit/
Redirect 301 /iross-pipe-end-heating-systems-pr-47.php http://inductothermhw.com/blog/product_categories/iross/
Redirect 301 /leading-european-german-tube-mill-manufacture-selects-thermatool--i-5354.php http://inductothermhw.com/blog/article/leading-european-german-tube-mill-manufacture-selects-thermatool/feed/
Redirect 301 /leading-russian-producer-of-api-grade-pipe-selects-thermatool-i-5346.php http://inductothermhw.com/blog/article/leading-russian-producer-of-api-grade-pipe-selects-thermatool/feed/
Redirect 301 /line-pipe-pre-heating-systems-pr-50.php http://inductothermhw.com/products
Redirect 301 /marcegaglia-uk-select-thermatool-welder-i-5089.php http://inductothermhw.com/products
Redirect 301 /mashprom-2013-i-4910.php http://inductothermhw.com/products
Redirect 301 /merlin-heat--coat-pr-44.php http://inductothermhw.com/products
Redirect 301 /newelco-i-4914.php http://inductothermhw.com/products
Redirect 301 /news-c-69.php http://inductothermhw.com/blog/events
Redirect 301 /newsletter-pa-1974.php http://inductothermhw.com/
Redirect 301 /non-ferrous-billet-heating-c-302.php http://inductothermhw.com/
Redirect 301 /non-ferrous-billet-heating-pr-49.php http://inductothermhw.com/
Redirect 301 /offshore-technology-conference-2014-i-5131.php http://inductothermhw.com/
Redirect 301 /oil--gas-i-4918.php http://inductothermhw.com/
Redirect 301 /ordering-spares--consumables-i-5132.php http://inductothermhw.com/
Redirect 301 /otc-2015-houston--i-5340.php http://inductothermhw.com/blog/events/otc-2016-houston-stand-3465/
Redirect 301 /pages/category_rss.php http://inductothermhw.com/
Redirect 301 /pages/login.php http://inductothermhw.com/
Redirect 301 /pages/lostpassword.php http://inductothermhw.com/
Redirect 301 /pages/register.php http://inductothermhw.com/
Redirect 301 /pipe-heating--coating-systems-c-301.php http://inductothermhw.com/products
Redirect 301 /pipe-heating--coating-systems-i-4956.php http://inductothermhw.com/products
Redirect 301 /pipe-heating--coating-systems-pr-43.php http://inductothermhw.com/products
Redirect 301 /power-converters-c-304.php http://inductothermhw.com/products
Redirect 301 /power-converters-pr-62.php http://inductothermhw.com/products
Redirect 301 /privacy-policy-pa-1642.php http://inductothermhw.com/legal/privacy-policy/
Redirect 301 /products-c-290.php http://inductothermhw.com/products
Redirect 301 /quality--accreditations-c-294.php http://inductothermhw.com/
Redirect 301 /radyne-i-4913.php http://inductothermhw.com/blog/product_categories/radyne/
Redirect 301 /seam-annealing-systems-pr-42.php http://inductothermhw.com/blog/products/seam-annealers/
Redirect 301 /service--support-pa-1972.php http://inductothermhw.com/
Redirect 301 /solid-state-hf-welders-pr-35.php http://inductothermhw.com/
Redirect 301 /spiral-fin-welders-pr-60.php http://inductothermhw.com/
Redirect 301 /spring-wire--i-4919.php http://inductothermhw.com/
Redirect 301 /spring-wire-processing-systems-pr-55.php http://inductothermhw.com/
Redirect 301 /take-control-of-your-spare-parts-i-4911.php http://inductothermhw.com/blog/2015/05/take-control-of-your-spare-parts/
Redirect 301 /tel-wire-show-2015-istanbul-i-5338.php http://inductothermhw.com/
Redirect 301 /terms--conditions-pa-1100.php http://inductothermhw.com/legal/terms-and-conditions/
Redirect 301 /tfi-series-power-converter-pr-64.php http://inductothermhw.com/
Redirect 301 /thermatool-announce-appointment-of-new-agent-in-turkey--i-5148.php http://inductothermhw.com/blog/article/thermatool-announce-appointment-of-new-agent-in-turkey/
Redirect 301 /thermatool-i-4912.php http://inductothermhw.com/blog/2015/04/thermatool/
Redirect 301 /thermatool--radyne--will-be-at-the-upcoming-boru--tel-wire-fair-in-istanbul-on-march-26-28th--i-5352.php http://inductothermhw.com/blog/article/boru-exhibition-2015/
Redirect 301 /toselk-selects-thermatool-welding-systems-i-5351.php http://inductothermhw.com/blog/article/marcegaglia-uk-select-thermatool-welder/
Redirect 301 /tube-2014-i-4910.php http://inductothermhw.com/
Redirect 301 /tube--pipe-technology-c-300.php http://inductothermhw.com/
Redirect 301 /tube--pipe-technology-i-4957.php http://inductothermhw.com/
Redirect 301 /tube--pipe-technology-pr-39.php http://inductothermhw.com/
Redirect 301 /wire-china-2014-sniec-september-24-27-stand-w1g49------------------------------------------------i-5333.php http://inductothermhw.com/blog/events/sep-wire-shanghai-china-2016/
Redirect 301 /wire-india-2014-mumbai-october-28-30-stand-1c08-i-5335.php http://inductothermhw.com/blog/article/banyard-wins-prestige-contract-in-india/
Redirect 301 /wire-processing-equipment-c-298.php http://inductothermhw.com/
Redirect 301 /wire-processing-equipment-pr-54.php http://inductothermhw.com/
Redirect 301 /wire-south-america-2013-i-4909.php http://inductothermhw.com/
Redirect 301 /zero-friction-billet-heater-pr-57.php http://inductothermhw.com/blog/products/zero-friction-aluminium-induction-billet-heaters/
Redirect 301 /field-joint-coating-conference-duesseldorf-september-2nd---4th-i-5331.php http://inductothermhw.com/blog/article
